{
    "Model":  "FootballAI-Market-Movement",
    "Version":  "1.0.0-candidate",
    "CreatedAt":  "2026-07-14T19:33:38.5835897Z",
    "DataSha256":  "a0c3c634b01f9778c3afd3c5e58c98f0b330c3357d10b0747677ea202457fbe5",
    "MarketSha256":  "d3741a792ef2a5726aa3bb906cd5f8186639ed47857988c42acbe526b00a0776",
    "Protocol":  "docs/MARKET_MOVEMENT_PROTOCOL.md",
    "Parameters":  {
                       "MinimumMovement":  0.02,
                       "Stake":  1,
                       "Settlement":  "CloseOdds"
                   },
    "Leagues":  [
                    {
                        "LeagueCode":  "FD_B1",
                        "SourceMatches":  1542,
                        "PairedMarkets":  1542,
                        "Signals":  766,
                        "HomeSignals":  345,
                        "DrawSignals":  33,
                        "AwaySignals":  388,
                        "AverageMovement":  0.042253308472595369,
                        "SignalAccuracy":  0.47519582245430808,
                        "OpenFavoriteAccuracy":  0.54699738903394257,
                        "CloseFavoriteAccuracy":  0.56266318537859006,
                        "AccuracyLiftVsOpen":  -0.07180156657963449,
                        "Profit":  -18.520000000000003,
                        "ROI":  -0.02417754569190601,
                        "ReturnStdError":  0.042765682728867653,
                        "Lower95":  -0.10799828384048661,
                        "MaxDrawdown":  53.559999999999995,
                        "GatePassed":  false
                    },
                    {
                        "LeagueCode":  "FD_D1",
                        "SourceMatches":  1836,
                        "PairedMarkets":  1836,
                        "Signals":  683,
                        "HomeSignals":  382,
                        "DrawSignals":  34,
                        "AwaySignals":  267,
                        "AverageMovement":  0.034682318042655376,
                        "SignalAccuracy":  0.43484626647144947,
                        "OpenFavoriteAccuracy":  0.51098096632503665,
                        "CloseFavoriteAccuracy":  0.52562225475841873,
                        "AccuracyLiftVsOpen":  -0.076134699853587173,
                        "Profit":  -63.399999999999956,
                        "ROI":  -0.0928257686676427,
                        "ReturnStdError":  0.045131305622885143,
                        "Lower95":  -0.18128312768849758,
                        "MaxDrawdown":  64.44999999999996,
                        "GatePassed":  false
                    },
                    {
                        "LeagueCode":  "FD_E0",
                        "SourceMatches":  2280,
                        "PairedMarkets":  2280,
                        "Signals":  824,
                        "HomeSignals":  399,
                        "DrawSignals":  44,
                        "AwaySignals":  381,
                        "AverageMovement":  0.034463973969296652,
                        "SignalAccuracy":  0.46723300970873788,
                        "OpenFavoriteAccuracy":  0.52791262135922334,
                        "CloseFavoriteAccuracy":  0.54247572815533984,
                        "AccuracyLiftVsOpen":  -0.060679611650485465,
                        "Profit":  16.50999999999998,
                        "ROI":  0.020036407766990266,
                        "ReturnStdError":  0.045067922665998246,
                        "Lower95":  -0.0682967206583663,
                        "MaxDrawdown":  48.189999999999984,
                        "GatePassed":  false
                    },
                    {
                        "LeagueCode":  "FD_E1",
                        "SourceMatches":  2760,
                        "PairedMarkets":  2760,
                        "Signals":  944,
                        "HomeSignals":  515,
                        "DrawSignals":  29,
                        "AwaySignals":  400,
                        "AverageMovement":  0.034976257654170263,
                        "SignalAccuracy":  0.44385593220338981,
                        "OpenFavoriteAccuracy":  0.48940677966101692,
                        "CloseFavoriteAccuracy":  0.49258474576271188,
                        "AccuracyLiftVsOpen":  -0.045550847457627108,
                        "Profit":  -42.529999999999973,
                        "ROI":  -0.045052966101694888,
                        "ReturnStdError":  0.038176938174515229,
                        "Lower95":  -0.11987976492374473,
                        "MaxDrawdown":  92.45999999999998,
                        "GatePassed":  false
                    },
                    {
                        "LeagueCode":  "FD_F1",
                        "SourceMatches":  2057,
                        "PairedMarkets":  2057,
                        "Signals":  809,
                        "HomeSignals":  378,
                        "DrawSignals":  53,
                        "AwaySignals":  378,
                        "AverageMovement":  0.038594135423103006,
                        "SignalAccuracy":  0.449938195302843,
                        "OpenFavoriteAccuracy":  0.52657601977750312,
                        "CloseFavoriteAccuracy":  0.53028430160692208,
                        "AccuracyLiftVsOpen":  -0.07663782447466011,
                        "Profit":  -60.020000000000067,
                        "ROI":  -0.074190358467243589,
                        "ReturnStdError":  0.04130089086015476,
                        "Lower95":  -0.15514010455314692,
                        "MaxDrawdown":  70.980000000000032,
                        "GatePassed":  false
                    },
                    {
                        "LeagueCode":  "FD_G1",
                        "SourceMatches":  1193,
                        "PairedMarkets":  1192,
                        "Signals":  660,
                        "HomeSignals":  297,
                        "DrawSignals":  144,
                        "AwaySignals":  219,
                        "AverageMovement":  0.0422551983246988,
                        "SignalAccuracy":  0.39393939393939392,
                        "OpenFavoriteAccuracy":  0.48787878787878786,
                        "CloseFavoriteAccuracy":  0.50757575757575757,
                        "AccuracyLiftVsOpen":  -0.093939393939393934,
                        "Profit":  -108.99000000000001,
                        "ROI":  -0.16513636363636364,
                        "ReturnStdError":  0.0461931904315758,
                        "Lower95":  -0.25567501688225219,
                        "MaxDrawdown":  108.99000000000001,
                        "GatePassed":  false
                    },
                    {
                        "LeagueCode":  "FD_I1",
                        "SourceMatches":  2280,
                        "PairedMarkets":  2279,
                        "Signals":  832,
                        "HomeSignals":  380,
                        "DrawSignals":  92,
                        "AwaySignals":  360,
                        "AverageMovement":  0.034912437310646992,
                        "SignalAccuracy":  0.46875,
                        "OpenFavoriteAccuracy":  0.55168269230769229,
                        "CloseFavoriteAccuracy":  0.56610576923076927,
                        "AccuracyLiftVsOpen":  -0.082932692307692291,
                        "Profit":  -11.710000000000012,
                        "ROI":  -0.014074519230769245,
                        "ReturnStdError":  0.042711155610671112,
                        "Lower95":  -0.097788384227684627,
                        "MaxDrawdown":  36.03,
                        "GatePassed":  false
                    },
                    {
                        "LeagueCode":  "FD_N1",
                        "SourceMatches":  1530,
                        "PairedMarkets":  1530,