{
    "Version":  "1.0.0",
    "CreatedAt":  "2026-07-14T19:39:09.5800198Z",
    "Protocol":  "docs/SCORE_CALIBRATION_PROTOCOL.md",
    "SourcePredictionHashes":  {
                                   "Europe":  "c12e79aa3d335e3e933ef9d2f9144d931cf6dbaf4d3ef07ecdfbc5f6ab441e62",
                                   "Baseline":  "8763af617af9ec869e85b729bc56a1ba864c4e8b0d9201ebb475cfaddd119ccd"
                               },
    "Overall":  {
                    "N":  26373,
                    "Accuracy":  0.49569635612179125,
                    "UpsetRate":  0.46987449285253857,
                    "AIBrier":  0.23954100825175059,
                    "AIBaseBrier":  0.24998147864936954,
                    "AIECE":  0.0179099809841989,
                    "AITopQuartileAccuracy":  0.64649681528662417,
                    "AITopLift":  0.15080045916483292,
                    "ConfidenceAUC":  0.615867117499248,
                    "ConfidenceTopQuartileAccuracy":  0.64710342735820447,
                    "ConfidenceTopLift":  0.15140707123641323,
                    "UpsetBrier":  0.24901583930491536,
                    "UpsetBaseBrier":  0.24909245381910824,
                    "UpsetECE":  0.073765597646239883,
                    "UpsetAUC":  0.58931511727457841
                },
    "LeaguePassCounts":  {
                             "Confidence":  13,
                             "AIScore":  13,
                             "Upset":  5,
                             "Required":  10
                         },
    "GatePassed":  {
                       "Confidence":  true,
                       "AIScore":  true,
                       "Upset":  false
                   },
    "Leagues":  [
                    {
                        "LeagueCode":  "JPN",
                        "N":  4412,
                        "Accuracy":  0.44242973708068906,
                        "AIBrier":  0.2422812263452486,
                        "AIBaseBrier":  0.2466856648274014,
                        "AIECE":  0.016307844700898171,
                        "AITopLift":  0.0897552130553037,
                        "ConfidenceAUC":  0.57777045431827267,
                        "ConfidenceTopLift":  0.087035358114233852,
                        "UpsetRate":  0.52334542157751585,
                        "UpsetBrier":  0.25285568327088215,
                        "UpsetBaseBrier":  0.24945499129136806,
                        "UpsetECE":  0.059141917390141428,
                        "UpsetAUC":  0.54767478330673647
                    },
                    {
                        "LeagueCode":  "SWE",
                        "N":  3335,
                        "Accuracy":  0.49475262368815592,
                        "AIBrier":  0.24116859595630624,
                        "AIBaseBrier":  0.24997246504184192,
                        "AIECE":  0.019275792999119832,
                        "AITopLift":  0.13594281995692797,
                        "ConfidenceAUC":  0.60842837874291877,
                        "ConfidenceTopLift":  0.13354473842215581,
                        "UpsetRate":  0.48035982008995504,
                        "UpsetBrier":  0.247873273840684,
                        "UpsetBaseBrier":  0.24961426333310108,
                        "UpsetECE":  0.065104185437166381,
                        "UpsetAUC":  0.59106530137962288
                    },
                    {
                        "LeagueCode":  "FD_B1",
                        "N":  1472,
                        "Accuracy":  0.49320652173913043,
                        "AIBrier":  0.24245388896602318,
                        "AIBaseBrier":  0.24995384865311912,
                        "AIECE":  0.029469745748464331,
                        "AITopLift":  0.12907608695652178,
                        "ConfidenceAUC":  0.60541990708941718,
                        "ConfidenceTopLift":  0.11548913043478265,
                        "UpsetRate":  0.4639945652173913,
                        "UpsetBrier":  0.25334207046282781,
                        "UpsetBaseBrier":  0.24870360866611529,
                        "UpsetECE":  0.0752195677571627,
                        "UpsetAUC":  0.56566868378713908
                    },
                    {
                        "LeagueCode":  "FD_D1",
                        "N":  1756,
                        "Accuracy":  0.50113895216400917,
                        "AIBrier":  0.240942533268856,
                        "AIBaseBrier":  0.2499987027879681,
                        "AIECE":  0.0087040733612829182,
                        "AITopLift":  0.12984054669703871,
                        "ConfidenceAUC":  0.6050338574097136,
                        "ConfidenceTopLift":  0.12984054669703871,
                        "UpsetRate":  0.46355353075170841,
                        "UpsetBrier":  0.24956088401698043,
                        "UpsetBaseBrier":  0.24867165487933332,
                        "UpsetECE":  0.06781849733858622,
                        "UpsetAUC":  0.58093762552361283
                    },
                    {
                        "LeagueCode":  "FD_E0",
                        "N":  2189,
                        "Accuracy":  0.51073549566011878,
                        "AIBrier":  0.24167714833218415,
                        "AIBaseBrier":  0.24988474913293157,
                        "AIECE":  0.026741963882448757,
                        "AITopLift":  0.12430100069024619,
                        "ConfidenceAUC":  0.606295171616649,
                        "ConfidenceTopLift":  0.12612581820849433,
                        "UpsetRate":  0.44677935130196439,
                        "UpsetBrier":  0.25339627841358664,
                        "UpsetBaseBrier":  0.24716756255216027,
                        "UpsetECE":  0.089564194428395055,
                        "UpsetAUC":  0.57086286410021292
                    },
                    {
                        "LeagueCode":  "FD_F1",
                        "N":  1973,
                        "Accuracy":  0.49265078560567666,
                        "AIBrier":  0.24130491520832767,
                        "AIBaseBrier":  0.24994598904778628,
                        "AIECE":  0.012452063344356591,
                        "AITopLift":  0.14297674475869582,
                        "ConfidenceAUC":  0.60388068721402055,
                        "ConfidenceTopLift":  0.15107391075059862,
                        "UpsetRate":  0.47592498732894067,
                        "UpsetBrier":  0.25005635791325576,
                        "UpsetBaseBrier":  0.24942039376488837,
                        "UpsetECE":  0.064328803049978678,
                        "UpsetAUC":  0.58103089215861969
                    },
                    {
                        "LeagueCode":  "FD_G1",
                        "N":  1132,
                        "Accuracy":  0.5114840989399293,
                        "AIBrier":  0.23842145290691541,
                        "AIBaseBrier":  0.24986811547153792,
                        "AIECE":  0.035870257317685353,
                        "AITopLift":  0.15636042402826855,
                        "ConfidenceAUC":  0.62186628439005953,
                        "ConfidenceTopLift":  0.15989399293286222,
                        "UpsetRate":  0.4717314487632509,
                        "UpsetBrier":  0.2424874559156289,
                        "UpsetBaseBrier":  0.24920088901097528,
                        "UpsetECE":  0.076567284270960614,
                        "UpsetAUC":  0.62628236443575969
                    },
                    {
                        "LeagueCode":  "FD_I1",
                        "N":  2184,
                        "Accuracy":  0.51327838827838823,
                        "AIBrier":  0.24167967423095701,
                        "AIBaseBrier":  0.24982368440472835,
                        "AIECE":  0.036796575367006465,