{
    "Model":  "FootballAI-Asian-Baseline",
    "Version":  "1.0.0-candidate",
    "CreatedAt":  "2026-07-14T19:21:51.6155993Z",
    "DataSha256":  "a0c3c634b01f9778c3afd3c5e58c98f0b330c3357d10b0747677ea202457fbe5",
    "MarketSha256":  "d3741a792ef2a5726aa3bb906cd5f8186639ed47857988c42acbe526b00a0776",
    "Protocol":  "docs/ASIAN_BACKTEST_PROTOCOL.md",
    "Parameters":  {
                       "MinExpectedValue":  0.03,
                       "Window":  10,
                       "MinimumHistory":  5,
                       "HomeAdvantage":  1.15,
                       "Rho":  -0.12,
                       "Stake":  1
                   },
    "Leagues":  [
                    {
                        "LeagueCode":  "FD_B1",
                        "SourceMatches":  1542,
                        "Eligible":  1472,
                        "Bets":  1101,
                        "SkippedByEV":  371,
                        "Profit":  -96.540000000000063,
                        "ROI":  -0.08768392370572213,
                        "ReturnStdError":  0.026083549916709796,
                        "Lower95":  -0.13880768154247333,
                        "MaxDrawdown":  107.81000000000007,
                        "Win":  399,
                        "HalfWin":  81,
                        "Push":  83,
                        "HalfLoss":  79,
                        "Loss":  459,
                        "GatePassed":  false
                    },
                    {
                        "LeagueCode":  "FD_D1",
                        "SourceMatches":  1836,
                        "Eligible":  1756,
                        "Bets":  1361,
                        "SkippedByEV":  395,
                        "Profit":  -72.945,
                        "ROI":  -0.05359662013225569,
                        "ReturnStdError":  0.024029565643974279,
                        "Lower95":  -0.10069456879444527,
                        "MaxDrawdown":  83.144999999999968,
                        "Win":  539,
                        "HalfWin":  93,
                        "Push":  74,
                        "HalfLoss":  85,
                        "Loss":  570,
                        "GatePassed":  false
                    },
                    {
                        "LeagueCode":  "FD_E0",
                        "SourceMatches":  2280,
                        "Eligible":  2189,
                        "Bets":  1753,
                        "SkippedByEV":  436,
                        "Profit":  -43.204999999999991,
                        "ROI":  -0.024646320593268677,
                        "ReturnStdError":  0.02104478565224175,
                        "Lower95":  -0.0658941004716625,
                        "MaxDrawdown":  74.255,
                        "Win":  712,
                        "HalfWin":  109,
                        "Push":  116,
                        "HalfLoss":  126,
                        "Loss":  690,
                        "GatePassed":  false
                    },
                    {
                        "LeagueCode":  "FD_E1",
                        "SourceMatches":  2760,
                        "Eligible":  2625,
                        "Bets":  1915,
                        "SkippedByEV":  710,
                        "Profit":  -144.71499999999986,
                        "ROI":  -0.075569190600522126,
                        "ReturnStdError":  0.020171960860035431,
                        "Lower95":  -0.11510623388619157,
                        "MaxDrawdown":  160.20999999999989,
                        "Win":  728,
                        "HalfWin":  129,
                        "Push":  119,
                        "HalfLoss":  124,
                        "Loss":  815,
                        "GatePassed":  false
                    },
                    {
                        "LeagueCode":  "FD_F1",
                        "SourceMatches":  2057,
                        "Eligible":  1973,
                        "Bets":  1521,
                        "SkippedByEV":  452,
                        "Profit":  -22.160000000000029,
                        "ROI":  -0.014569362261669973,
                        "ReturnStdError":  0.022470035171153403,
                        "Lower95":  -0.058610631197130642,
                        "MaxDrawdown":  41.125000000000036,
                        "Win":  619,
                        "HalfWin":  105,
                        "Push":  111,
                        "HalfLoss":  93,
                        "Loss":  593,
                        "GatePassed":  false
                    },
                    {
                        "LeagueCode":  "FD_G1",
                        "SourceMatches":  1193,
                        "Eligible":  1132,
                        "Bets":  878,
                        "SkippedByEV":  254,
                        "Profit":  -38.979999999999961,
                        "ROI":  -0.04439635535307513,
                        "ReturnStdError":  0.029056391979002911,
                        "Lower95":  -0.10134688363192083,
                        "MaxDrawdown":  50.459999999999987,
                        "Win":  343,
                        "HalfWin":  72,
                        "Push":  55,
                        "HalfLoss":  62,
                        "Loss":  346,
                        "GatePassed":  false
                    },
                    {
                        "LeagueCode":  "FD_I1",
                        "SourceMatches":  2280,
                        "Eligible":  2184,
                        "Bets":  1663,
                        "SkippedByEV":  521,
                        "Profit":  -96.974999999999937,
                        "ROI":  -0.058313289236319864,
                        "ReturnStdError":  0.021444060008445381,
                        "Lower95":  -0.10034364685287281,
                        "MaxDrawdown":  101.87999999999994,
                        "Win":  629,
                        "HalfWin":  121,
                        "Push":  116,
                        "HalfLoss":  123,
                        "Loss":  674,
                        "GatePassed":  false
                    },
                    {
                        "LeagueCode":  "FD_N1",
                        "SourceMatches":  1530,
                        "Eligible":  1450,
                        "Bets":  1165,
                        "SkippedByEV":  285,
                        "Profit":  10.489999999999947,
                        "ROI":  0.0090042918454935165,
                        "ReturnStdError":  0.025767449872423177,
                        "Lower95":  -0.041499909904455914,
                        "MaxDrawdown":  25.315000000000005,
                        "Win":  491,
                        "HalfWin":  86,
                        "Push":  71,
                        "HalfLoss":  72,
                        "Loss":  445,
                        "GatePassed":  false
                    },
                    {
                        "LeagueCode":  "FD_P1",
                        "SourceMatches":  1530,
                        "Eligible":  1451,
                        "Bets":  1135,
                        "SkippedByEV":  316,
                        "Profit":  -43.490000000000023,
                        "ROI":  -0.03831718061674011,
                        "ReturnStdError":  0.025700431726391693,
                        "Lower95":  -0.088690026800467836,
                        "MaxDrawdown":  57.960000000000029,
                        "Win":  429,
                        "HalfWin":  108,
                        "Push":  83,
                        "HalfLoss":  62,
                        "Loss":  453,
                        "GatePassed":  false
                    },
                    {
                        "LeagueCode":  "FD_SC0",
                        "SourceMatches":  1140,