{
    "Model":  "FootballAI-Totals-Baseline",
    "Version":  "1.0.0-candidate",
    "CreatedAt":  "2026-07-14T19:28:57.0466296Z",
    "DataSha256":  "a0c3c634b01f9778c3afd3c5e58c98f0b330c3357d10b0747677ea202457fbe5",
    "MarketSha256":  "d3741a792ef2a5726aa3bb906cd5f8186639ed47857988c42acbe526b00a0776",
    "Protocol":  "docs/TOTALS_BACKTEST_PROTOCOL.md",
    "Parameters":  {
                       "Line":  2.5,
                       "MinExpectedValue":  0.03,
                       "Window":  10,
                       "MinimumHistory":  5,
                       "HomeAdvantage":  1.15,
                       "Rho":  -0.12,
                       "Stake":  1
                   },
    "Leagues":  [
                    {
                        "LeagueCode":  "FD_B1",
                        "SourceMatches":  1542,
                        "Eligible":  1472,
                        "Bets":  971,
                        "SkippedByEV":  501,
                        "OverBets":  697,
                        "UnderBets":  274,
                        "Wins":  463,
                        "Losses":  508,
                        "Profit":  -116.81999999999996,
                        "ROI":  -0.12030895983522139,
                        "ReturnStdError":  0.030329770917170838,
                        "Lower95":  -0.17975531083287621,
                        "MaxDrawdown":  119.31999999999996,
                        "GatePassed":  false
                    },
                    {
                        "LeagueCode":  "FD_D1",
                        "SourceMatches":  1836,
                        "Eligible":  1756,
                        "Bets":  1222,
                        "SkippedByEV":  534,
                        "OverBets":  956,
                        "UnderBets":  266,
                        "Wins":  595,
                        "Losses":  627,
                        "Profit":  -130.09000000000012,
                        "ROI":  -0.10645662847790517,
                        "ReturnStdError":  0.02788349893099978,
                        "Lower95":  -0.16110828638266472,
                        "MaxDrawdown":  138.5100000000001,
                        "GatePassed":  false
                    },
                    {
                        "LeagueCode":  "FD_E0",
                        "SourceMatches":  2280,
                        "Eligible":  2189,
                        "Bets":  1551,
                        "SkippedByEV":  638,
                        "OverBets":  1106,
                        "UnderBets":  445,
                        "Wins":  769,
                        "Losses":  782,
                        "Profit":  -42.320000000000022,
                        "ROI":  -0.027285622179239213,
                        "ReturnStdError":  0.025981430722751039,
                        "Lower95":  -0.078209226395831249,
                        "MaxDrawdown":  59.42000000000003,
                        "GatePassed":  false
                    },
                    {
                        "LeagueCode":  "FD_E1",
                        "SourceMatches":  2760,
                        "Eligible":  2625,
                        "Bets":  1741,
                        "SkippedByEV":  884,
                        "OverBets":  1165,
                        "UnderBets":  576,
                        "Wins":  829,
                        "Losses":  912,
                        "Profit":  -74.490000000000038,
                        "ROI":  -0.042785755313038507,
                        "ReturnStdError":  0.024551353982646414,
                        "Lower95":  -0.090906409119025477,
                        "MaxDrawdown":  93.990000000000052,
                        "GatePassed":  false
                    },
                    {
                        "LeagueCode":  "FD_F1",
                        "SourceMatches":  2057,
                        "Eligible":  1973,
                        "Bets":  1427,
                        "SkippedByEV":  546,
                        "OverBets":  1042,
                        "UnderBets":  385,
                        "Wins":  653,
                        "Losses":  774,
                        "Profit":  -119.2600000000001,
                        "ROI":  -0.083573931324456979,
                        "ReturnStdError":  0.027340332343419618,
                        "Lower95":  -0.13716098271755944,
                        "MaxDrawdown":  122.26000000000013,
                        "GatePassed":  false
                    },
                    {
                        "LeagueCode":  "FD_G1",
                        "SourceMatches":  1193,
                        "Eligible":  1132,
                        "Bets":  780,
                        "SkippedByEV":  352,
                        "OverBets":  539,
                        "UnderBets":  241,
                        "Wins":  366,
                        "Losses":  414,
                        "Profit":  -29.180000000000021,
                        "ROI":  -0.037410256410256436,
                        "ReturnStdError":  0.037646213177957993,
                        "Lower95":  -0.1111968342390541,
                        "MaxDrawdown":  42.59,
                        "GatePassed":  false
                    },
                    {
                        "LeagueCode":  "FD_I1",
                        "SourceMatches":  2280,
                        "Eligible":  2184,
                        "Bets":  1504,
                        "SkippedByEV":  680,
                        "OverBets":  1090,
                        "UnderBets":  414,
                        "Wins":  746,
                        "Losses":  758,
                        "Profit":  -3.0500000000000282,
                        "ROI":  -0.0020279255319149126,
                        "ReturnStdError":  0.026710933893154605,
                        "Lower95":  -0.054381355962497942,
                        "MaxDrawdown":  49.680000000000007,
                        "GatePassed":  false
                    },
                    {
                        "LeagueCode":  "FD_N1",
                        "SourceMatches":  1530,
                        "Eligible":  1450,
                        "Bets":  967,
                        "SkippedByEV":  483,
                        "OverBets":  690,
                        "UnderBets":  277,
                        "Wins":  455,
                        "Losses":  512,
                        "Profit":  -94.54,
                        "ROI":  -0.097766287487073431,
                        "ReturnStdError":  0.032793657228988381,
                        "Lower95":  -0.16204185565589066,
                        "MaxDrawdown":  107.46000000000001,
                        "GatePassed":  false
                    },
                    {
                        "LeagueCode":  "FD_P1",
                        "SourceMatches":  1530,
                        "Eligible":  1451,
                        "Bets":  1024,
                        "SkippedByEV":  427,
                        "OverBets":  690,
                        "UnderBets":  334,
                        "Wins":  433,
                        "Losses":  591,
                        "Profit":  -119.79000000000008,
                        "ROI":  -0.11698242187500008,
                        "ReturnStdError":  0.033081565032780688,
                        "Lower95":  -0.18182228933925021,
                        "MaxDrawdown":  122.84000000000009,
                        "GatePassed":  false
                    },
                    {
                        "LeagueCode":  "FD_SC0",
                        "SourceMatches":  1140,
                        "Eligible":  1097,
                        "Bets":  812,
                        "SkippedByEV":  285,
                        "OverBets":  603,
                        "UnderBets":  209,
                        "Wins":  364,