{
    "Model":  "FootballAI-Poisson-Baseline",
    "Version":  "1.0.0-candidate",
    "CreatedAt":  "2026-07-14T19:13:50.9043781Z",
    "DataSha256":  "a0c3c634b01f9778c3afd3c5e58c98f0b330c3357d10b0747677ea202457fbe5",
    "Protocol":  "docs/BACKTEST_PROTOCOL.md",
    "Parameters":  {
                       "Window":  10,
                       "MinimumHistory":  5,
                       "HomeAdvantage":  1.15,
                       "Rho":  -0.12,
                       "MaxGoals":  8
                   },
    "Leagues":  [
                    {
                        "LeagueCode":  "BRA",
                        "SourceMatches":  5496,
                        "Evaluated":  5358,
                        "Accuracy":  0.45670026129152669,
                        "Brier":  0.63354850134963681,
                        "LogLoss":  1.0522591909651102,
                        "MajorityBaseline":  0.48544395924308587,
                        "AccuracyLift":  -0.028743697951559177,
                        "MarketEvaluated":  5358,
                        "MarketAccuracy":  0.51474430757745426,
                        "MarketBrier":  0.59643168941626479,
                        "MarketLogLoss":  0.99812526205866925,
                        "Over25Evaluated":  5358,
                        "Over25Accuracy":  0.53751399776035835,
                        "Over25Brier":  0.25052089115333231,
                        "MarketOver25Evaluated":  0,
                        "MarketOver25Accuracy":  null,
                        "MarketOver25Brier":  null,
                        "GatePassed":  false
                    },
                    {
                        "LeagueCode":  "JPN",
                        "SourceMatches":  4523,
                        "Evaluated":  4412,
                        "Accuracy":  0.44197642792384406,
                        "Brier":  0.64182280088936661,
                        "LogLoss":  1.064110013234205,
                        "MajorityBaseline":  0.40968383816051296,
                        "AccuracyLift":  0.0322925897633311,
                        "MarketEvaluated":  4412,
                        "MarketAccuracy":  0.47710788757932909,
                        "MarketBrier":  0.62162086960746477,
                        "MarketLogLoss":  1.0346323140844134,
                        "Over25Evaluated":  4412,
                        "Over25Accuracy":  0.5423844061650045,
                        "Over25Brier":  0.2515704432066051,
                        "MarketOver25Evaluated":  0,
                        "MarketOver25Accuracy":  null,
                        "MarketOver25Brier":  null,
                        "GatePassed":  true
                    },
                    {
                        "LeagueCode":  "SWE",
                        "SourceMatches":  3465,
                        "Evaluated":  3335,
                        "Accuracy":  0.49385307346326834,
                        "Brier":  0.61402467312426656,
                        "LogLoss":  1.0246149106592093,
                        "MajorityBaseline":  0.43463203463203465,
                        "AccuracyLift":  0.0592210388312337,
                        "MarketEvaluated":  3335,
                        "MarketAccuracy":  0.51994002998500755,
                        "MarketBrier":  0.58549694335937874,
                        "MarketLogLoss":  0.98289338223039435,
                        "Over25Evaluated":  3335,
                        "Over25Accuracy":  0.54842578710644674,
                        "Over25Brier":  0.251939622568274,
                        "MarketOver25Evaluated":  0,
                        "MarketOver25Accuracy":  null,
                        "MarketOver25Brier":  null,
                        "GatePassed":  true
                    }
                ]
}
