{
    "Model":  "FootballAI-Euro-Fusion-Kelly",
    "Version":  "1.0.0-candidate",
    "CreatedAt":  "2026-07-14T19:47:54.3626559Z",
    "Protocol":  "docs/EURO_KELLY_PROTOCOL.md",
    "PredictionHashes":  {
                             "Europe":  "c12e79aa3d335e3e933ef9d2f9144d931cf6dbaf4d3ef07ecdfbc5f6ab441e62",
                             "Baseline":  "8763af617af9ec869e85b729bc56a1ba864c4e8b0d9201ebb475cfaddd119ccd"
                         },
    "Parameters":  {
                       "ModelWeight":  0.25,
                       "MarketWeight":  0.75,
                       "MinimumExpectedValue":  0.03,
                       "KellyFraction":  0.25,
                       "MaxStakeFraction":  0.02,
                       "InitialBankroll":  100
                   },
    "Leagues":  [
                    {
                        "LeagueCode":  "JPN",
                        "SourcePredictions":  4412,
                        "EligibleWithOdds":  4412,
                        "Bets":  822,
                        "SkippedByEV":  3590,
                        "HomeBets":  342,
                        "DrawBets":  11,
                        "AwayBets":  469,
                        "AverageReturnRate":  0.93442223306289263,
                        "FlatProfit":  -84.839999999999989,
                        "FlatROI":  -0.10321167883211678,
                        "ReturnStdError":  0.063170987484386251,
                        "Lower95":  -0.22702681430151384,
                        "FlatMaxDrawdown":  127.75,
                        "KellyFinalBankroll":  54.039755612563482,
                        "KellyReturn":  -0.45960244387436522,
                        "KellyMaxDrawdown":  0.55714215309640236,
                        "GatePassed":  false
                    },
                    {
                        "LeagueCode":  "SWE",
                        "SourcePredictions":  3335,
                        "EligibleWithOdds":  3335,
                        "Bets":  1190,
                        "SkippedByEV":  2145,
                        "HomeBets":  288,
                        "DrawBets":  5,
                        "AwayBets":  897,
                        "AverageReturnRate":  0.9396221840728185,
                        "FlatProfit":  -236.92999999999992,
                        "FlatROI":  -0.1991008403361344,
                        "ReturnStdError":  0.054753354781039716,
                        "Lower95":  -0.30641741570697223,
                        "FlatMaxDrawdown":  251.86,
                        "KellyFinalBankroll":  22.834507269550407,
                        "KellyReturn":  -0.77165492730449592,
                        "KellyMaxDrawdown":  0.78433336748836835,
                        "GatePassed":  false
                    },
                    {
                        "LeagueCode":  "FD_B1",
                        "SourcePredictions":  1472,
                        "EligibleWithOdds":  1472,
                        "Bets":  468,
                        "SkippedByEV":  1004,
                        "HomeBets":  168,
                        "DrawBets":  5,
                        "AwayBets":  295,
                        "AverageReturnRate":  0.94271788950397561,
                        "FlatProfit":  -110.46000000000001,
                        "FlatROI":  -0.23602564102564105,
                        "ReturnStdError":  0.088494844716361584,
                        "Lower95":  -0.40947553666970976,
                        "FlatMaxDrawdown":  139.86,
                        "KellyFinalBankroll":  50.187645869893487,
                        "KellyReturn":  -0.49812354130106518,
                        "KellyMaxDrawdown":  0.5910941169977032,
                        "GatePassed":  false
                    },
                    {
                        "LeagueCode":  "FD_D1",
                        "SourcePredictions":  1756,
                        "EligibleWithOdds":  1756,
                        "Bets":  806,
                        "SkippedByEV":  950,
                        "HomeBets":  272,
                        "DrawBets":  7,
                        "AwayBets":  527,
                        "AverageReturnRate":  0.95462081640723673,
                        "FlatProfit":  -58.790000000000035,
                        "FlatROI":  -0.072940446650124113,
                        "ReturnStdError":  0.086231303089838854,
                        "Lower95":  -0.24195380070620826,
                        "FlatMaxDrawdown":  90.440000000000026,
                        "KellyFinalBankroll":  66.865171499647573,
                        "KellyReturn":  -0.33134828500352431,
                        "KellyMaxDrawdown":  0.51754971499786218,
                        "GatePassed":  false
                    },
                    {
                        "LeagueCode":  "FD_E0",
                        "SourcePredictions":  2189,
                        "EligibleWithOdds":  2189,
                        "Bets":  1127,
                        "SkippedByEV":  1062,
                        "HomeBets":  429,
                        "DrawBets":  33,
                        "AwayBets":  665,
                        "AverageReturnRate":  0.95871292267211383,
                        "FlatProfit":  -167.91999999999987,
                        "FlatROI":  -0.14899733806566093,
                        "ReturnStdError":  0.063260653601329084,
                        "Lower95":  -0.27298821912426596,
                        "FlatMaxDrawdown":  183.86999999999989,
                        "KellyFinalBankroll":  25.221710487552393,
                        "KellyReturn":  -0.747782895124476,
                        "KellyMaxDrawdown":  0.79516514578205921,
                        "GatePassed":  false
                    },
                    {
                        "LeagueCode":  "FD_F1",
                        "SourcePredictions":  1973,
                        "EligibleWithOdds":  1973,
                        "Bets":  884,
                        "SkippedByEV":  1089,
                        "HomeBets":  309,
                        "DrawBets":  19,
                        "AwayBets":  556,
                        "AverageReturnRate":  0.95234909163944914,
                        "FlatProfit":  -97.750000000000043,
                        "FlatROI":  -0.11057692307692313,
                        "ReturnStdError":  0.070418230574158663,
                        "Lower95":  -0.2485966550022741,
                        "FlatMaxDrawdown":  129.99000000000004,
                        "KellyFinalBankroll":  39.395977580108877,
                        "KellyReturn":  -0.60604022419891124,
                        "KellyMaxDrawdown":  0.63636780559122086,
                        "GatePassed":  false
                    },
                    {
                        "LeagueCode":  "FD_G1",
                        "SourcePredictions":  1132,
                        "EligibleWithOdds":  1132,
                        "Bets":  519,
                        "SkippedByEV":  613,
                        "HomeBets":  165,
                        "DrawBets":  17,
                        "AwayBets":  337,
                        "AverageReturnRate":  0.935152998397591,
                        "FlatProfit":  -79.04,
                        "FlatROI":  -0.15229287090558769,
                        "ReturnStdError":  0.095248233368375693,
                        "Lower95":  -0.33897940830760404,
                        "FlatMaxDrawdown":  110.98,
                        "KellyFinalBankroll":  52.729557528330069,
                        "KellyReturn":  -0.47270442471669927,
                        "KellyMaxDrawdown":  0.54952298297833824,
                        "GatePassed":  false
                    },
                    {
                        "LeagueCode":  "FD_I1",
                        "SourcePredictions":  2184,