{
    "Model":  "FootballAI-Poisson-Baseline",
    "Version":  "1.0.0-candidate",
    "CreatedAt":  "2026-07-14T19:10:20.7533644Z",
    "DataSha256":  "a0c3c634b01f9778c3afd3c5e58c98f0b330c3357d10b0747677ea202457fbe5",
    "Protocol":  "docs/BACKTEST_PROTOCOL.md",
    "Parameters":  {
                       "Window":  10,
                       "MinimumHistory":  5,
                       "HomeAdvantage":  1.15,
                       "Rho":  -0.12,
                       "MaxGoals":  8
                   },
    "Leagues":  [
                    {
                        "LeagueCode":  "FD_B1",
                        "SourceMatches":  1542,
                        "Evaluated":  1472,
                        "Accuracy":  0.49320652173913043,
                        "Brier":  0.61660852203155714,
                        "LogLoss":  1.0288787608996051,
                        "MajorityBaseline":  0.4293125810635538,
                        "AccuracyLift":  0.063893940675576633,
                        "MarketEvaluated":  1472,
                        "MarketAccuracy":  0.53668478260869568,
                        "MarketBrier":  0.58320946153615794,
                        "MarketLogLoss":  0.980520959205125,
                        "Over25Evaluated":  1472,
                        "Over25Accuracy":  0.53940217391304346,
                        "Over25Brier":  0.253244851064415,
                        "MarketOver25Evaluated":  1472,
                        "MarketOver25Accuracy":  0.58763586956521741,
                        "MarketOver25Brier":  0.23866112441275805,
                        "GatePassed":  true
                    },
                    {
                        "LeagueCode":  "FD_D1",
                        "SourceMatches":  1836,
                        "Evaluated":  1756,
                        "Accuracy":  0.50113895216400917,
                        "Brier":  0.61164815619974344,
                        "LogLoss":  1.0216908645222893,
                        "MajorityBaseline":  0.43736383442265797,
                        "AccuracyLift":  0.0637751177413512,
                        "MarketEvaluated":  1756,
                        "MarketAccuracy":  0.53644646924829154,
                        "MarketBrier":  0.58082507801058747,
                        "MarketLogLoss":  0.977497544690856,
                        "Over25Evaluated":  1756,
                        "Over25Accuracy":  0.60364464692482911,
                        "Over25Brier":  0.24301069420633808,
                        "MarketOver25Evaluated":  1756,
                        "MarketOver25Accuracy":  0.62357630979498857,
                        "MarketOver25Brier":  0.22735829245961828,
                        "GatePassed":  true
                    },
                    {
                        "LeagueCode":  "FD_E0",
                        "SourceMatches":  2280,
                        "Evaluated":  2189,
                        "Accuracy":  0.51073549566011878,
                        "Brier":  0.60652987347064913,
                        "LogLoss":  1.0142706783483511,
                        "MajorityBaseline":  0.431140350877193,
                        "AccuracyLift":  0.079595144782925786,
                        "MarketEvaluated":  2189,
                        "MarketAccuracy":  0.55322064869803567,
                        "MarketBrier":  0.57150886950030211,
                        "MarketLogLoss":  0.962885828426129,
                        "Over25Evaluated":  2189,
                        "Over25Accuracy":  0.56372772955687533,
                        "Over25Brier":  0.25006517129769124,
                        "MarketOver25Evaluated":  2189,
                        "MarketOver25Accuracy":  0.57788944723618085,
                        "MarketOver25Brier":  0.24167187622668965,
                        "GatePassed":  true
                    },
                    {
                        "LeagueCode":  "FD_E1",
                        "SourceMatches":  2760,
                        "Evaluated":  2625,
                        "Accuracy":  0.43771428571428572,
                        "Brier":  0.64471068945220611,
                        "LogLoss":  1.0680940839092772,
                        "MajorityBaseline":  0.43442028985507247,
                        "AccuracyLift":  0.00329399585921325,
                        "MarketEvaluated":  2625,
                        "MarketAccuracy":  0.47923809523809524,
                        "MarketBrier":  0.620123791981522,
                        "MarketLogLoss":  1.0325663967750807,
                        "Over25Evaluated":  2625,
                        "Over25Accuracy":  0.53333333333333333,
                        "Over25Brier":  0.25181957975703012,
                        "MarketOver25Evaluated":  2625,
                        "MarketOver25Accuracy":  0.564952380952381,
                        "MarketOver25Brier":  0.24414447455723065,
                        "GatePassed":  false
                    },
                    {
                        "LeagueCode":  "FD_F1",
                        "SourceMatches":  2057,
                        "Evaluated":  1973,
                        "Accuracy":  0.49315762797769891,
                        "Brier":  0.61454464568910527,
                        "LogLoss":  1.0253614723341826,
                        "MajorityBaseline":  0.42343218279047157,
                        "AccuracyLift":  0.069725445187227342,
                        "MarketEvaluated":  1973,
                        "MarketAccuracy":  0.52458185504308164,
                        "MarketBrier":  0.58739895354820471,
                        "MarketLogLoss":  0.98556858711761741,
                        "Over25Evaluated":  1973,
                        "Over25Accuracy":  0.54333502280790669,
                        "Over25Brier":  0.25444953315906454,
                        "MarketOver25Evaluated":  1973,
                        "MarketOver25Accuracy":  0.58286872782564625,
                        "MarketOver25Brier":  0.23982276848701106,
                        "GatePassed":  true
                    },
                    {
                        "LeagueCode":  "FD_G1",
                        "SourceMatches":  1193,
                        "Evaluated":  1132,
                        "Accuracy":  0.51236749116607772,
                        "Brier":  0.60230239614834258,
                        "LogLoss":  1.0072935762770723,
                        "MajorityBaseline":  0.41156747694886842,
                        "AccuracyLift":  0.1008000142172093,
                        "MarketEvaluated":  1132,
                        "MarketAccuracy":  0.5282685512367491,
                        "MarketBrier":  0.56128057017799593,
                        "MarketLogLoss":  0.94711635718631826,
                        "Over25Evaluated":  1132,
                        "Over25Accuracy":  0.55300353356890464,
                        "Over25Brier":  0.250845023048971,
                        "MarketOver25Evaluated":  1132,
                        "MarketOver25Accuracy":  0.56713780918727918,
                        "MarketOver25Brier":  0.23988925155694377,
                        "GatePassed":  true
                    },
                    {
                        "LeagueCode":  "FD_I1",
                        "SourceMatches":  2280,
                        "Evaluated":  2184,
                        "Accuracy":  0.51327838827838823,
                        "Brier":  0.60502000152783575,
                        "LogLoss":  1.0116045794554334,
                        "MajorityBaseline":  0.40438596491228068,
                        "AccuracyLift":  0.10889242336610755,
                        "MarketEvaluated":  2184,
                        "MarketAccuracy":  0.54212454212454209,
                        "MarketBrier":  0.57433133651941448,